{
  "success": true,
  "predicted_class": 2,
  "class_name": "中度",
  "confidence": 0.48046520352363586,
  "all_probabilities": {
    "无病变": 0.0004070030408911407,
    "轻度": 0.4723854660987854,
    "中度": 0.48046520352363586,
    "重度": 0.03089495375752449,
    "增殖性": 0.015847373753786087
  }
}