{
  "success": true,
  "predicted_class": 2,
  "class_name": "中度",
  "confidence": 0.6813777685165405,
  "all_probabilities": {
    "无病变": 0.002723786747083068,
    "轻度": 0.03770562261343002,
    "中度": 0.6813777685165405,
    "重度": 0.1608397364616394,
    "增殖性": 0.11735301464796066
  }
}